8,4826LG,Tongerenstraat,Breda
8,4826LL,Namenstraat,Breda
8,4826LT,Herentalsstraat,Breda
8,4826LV,Tienenstraat,Breda
8,4826LW,Waterloostraat,Breda
8,4826LX,Kortrijkstraat,Breda
8,4826NA,Meerstraat,Breda
8,4826NC,Luikstraat,Breda
8,4826ND,Hamdijk,Breda
8,4826NE,Eupenstraat,Breda
8,4826NG,Malmedystraat,Breda
8,4826NJ,Brusselstraat,Breda
8,4826PA,Westmallestraat,Breda
8,4826PC,Oostmallestraat,Breda
8,4826PE,Anderlechtstraat,Breda
8,4826PH,Etterbeekstraat,Breda
8,4826PJ,Tervurenstraat,Breda
8,4826PM,Brasschaatstraat,Breda
8,4826PN,Ukkelstraat,Breda
8,4826PP,Lokerenstraat,Breda
8,4826PR,Aalststraat,Breda
8,4826PT,Vilvoordestraat,Breda
8,4826PV,Schaarbeekstraat,Breda
8,4827AD,Willem van Heesstraat,Breda
8,4827AM,Leon van Heilstraat,Breda
8,4827BH,Wensel Cobergherstraat,Breda
8,4827CB,Emiel van Averbekestraat,Breda
8,4827CC,Adriaan Blommestraat,Breda
8,4827CG,Victor Hortastraat,Breda
8,4827CH,Hendrik Hoeymakerstraat,Breda
8,4827CK,Octave van Rijsselberghestraat,Breda
8,4827CL,Paul Hankarstraat,Breda
8,4827CM,Philips Lammekensstraat,Breda
8,4827CN,Cornelis Florisstraat,Breda
8,4827CP,Zaventemstraat,Breda
8,4827CR,David 't Kindtstraat,Breda
8,4827EM,Lodewijk Roelandtstraat,Breda
8,4827EN,Pieter Densstraat,Breda
8,4827ER,Bruno Renardstraat,Breda
8,4827ES,Jan Anneessensstraat,Breda
8,4827ET,Willem de Bruynstraat,Breda
8,4827EV,Tilman Suysstraat,Breda
8,4827GE,Daniël Marotstraat,Breda
8,4827GK,Gerrit Rietveldplein,Breda
8,4827HB,Jacob Romanstraat,Breda
8,4827HH,Johan Marijnenboog,Breda
8,4827HJ,Charles Petitweg,Breda
8,4827JB,Johan Hanrathstraat,Breda
8,4827JC,Jan David Zocherstraat,Breda
8,4827JD,Daniel Stalpaertstraat,Breda
8,4827JG,Pieter Huysersstraat,Breda
8,4827JK,Hendrik Berlagestraat,Breda
8,4827LB,Lieven de Keystraat,Breda
8,4827LD,Philips Schonckstraat,Breda
8,4827LE,Rombout Keldermansstraat,Breda
8,4827LG,Melchior van Herbachstraat,Breda
8,4827LH,Philips Vingboonsstraat,Breda
8,4827LK,Willem van Kesselstraat,Breda
8,4827LL,Evert Spoorwaterstraat,Breda
8,4827LM,Cornelis Joosstraat,Breda
8,4827LP,Groenedijkplein,Breda
8,4827NJ,Calandstraat,Breda
8,4827NL,Leeghwaterstraat,Breda
8,4827NM,Conradstraat,Breda
8,4827NN,Vierlingstraat,Breda
8,4827PH,Jan Darkennisstraat,Breda
8,4834AG,Pelsakker,Breda
8,4834AL,Waardakker,Breda
8,4834AS,Oude Bogerd,Breda
8,4834BJ,Klitsert,Breda
8,4834BL,Noutenhof,Breda
8,4834BM,Mastland,Breda
8,4834BN,Govaart Thielen Akker,Breda
8,4834EC,Ter Hoogestraat,Breda
8,4834EJ,Haamstedestraat,Breda
8,4834EM,Mathenessehof,Breda
8,4834HB,Geisterenstraat,Breda
8,4834HE,De Burcht,Breda
8,4834HL,Duurstedestraat,Breda
8,4834JA,Wolfraadstraat,Breda
8,4834JB,Amstenradestraat,Breda
8,4834JE,Hillenraadstraat,Breda
8,4834JG,Hornstraat,Breda
8,4834JH,Weldamstraat,Breda
8,4834JJ,Biljoenstraat,Breda
8,4834JK,Croystraat,Breda
8,4834JM,Neubourgstraat,Breda
8,4834KP,Assumburgstraat,Breda
8,4834KV,Slangenburgstraat,Breda
8,4834KX,Henckenshagestraat,Breda
8,4834LC,Beverweerdstraat,Breda
8,4834LE,Rijnauwenstraat,Breda
8,4834LM,Twikkelstraat,Breda
8,4834LP,Stoutenburgstraat,Breda
8,4834LS,Oldengaardestraat,Breda
8,4834LX,Rijnauwenhof,Breda
8,4834MK,Bieberglaan,Breda
8,4834NM,Doornenburgstraat,Breda
8,4834PC,Middachtenstraat,Breda
8,4834PG,Valkhofstraat,Breda
8,4834PJ,Wildenborgstraat,Breda
8,4834RC,Amerongenstraat,Breda
8,4834RE,Sterkenburgstraat,Breda
8,4834RN,Hardenbroekstraat,Breda
8,4834RP,Nijenrodestraat,Breda
8,4834SH,Hubertuslaan,Breda
8,4834SK,Barbaralaan,Breda
8,4834VB,Crispijnhof,Breda
8,4834VE,Gertrudisstraat,Breda
8,4834VK,Marialaan,Breda
8,4834WE,Damiaanstraat,Breda
8,4834WJ,Brigidastraat,Breda
8,4834WK,Lucasstraat,Breda
8,4834WL,Jacobusstraat,Breda
8,4834WP,Andreasstraat,Breda
8,4834WR,Petrusstraat,Breda
8,4834WS,Paulusstraat,Breda
8,4834XB,Lorentzstraat,Breda
8,4834XE,Nobelstraat,Breda
8,4834XN,Overakkerstraat,Breda
8,4834XS,Madame Curieplein,Breda
8,4834XW,Viveslaan,Breda
8,4834XZ,Struijshof,Breda
8,4835AB,Franklin Rooseveltlaan,Breda
8,4835AD,Tuin Ginneken,Breda
8,4835AJ,Ploegstraat,Breda
8,4835BB,Burgemeester Buijsenstraat,Breda
8,4835BC,Schrepelstraat,Breda
8,4835BD,Fatimastraat,Breda
8,4835BJ,Fatimaplein,Breda
8,4835CB,van Duijvenvoordestraat,Breda
8,4835CC,Laan van Liedekerke,Breda
8,4835CD,van Gaverenlaan,Breda
8,4835CE,Bloemstraat,Breda
8,4835CH,Laan van Rasseghem,Breda
8,4835EC,Dillenburgstraat,Breda
8,4835EE,Postlaan,Breda
8,4835EK,Burgemeester Middelaerlaan,Breda
8,4835GD,Fortuynhof,Breda
8,4835GG,Keermanslaan,Breda
8,4835GJ,Eleonorastraat,Breda
8,4835GK,St. Laurenslaan,Breda
8,4835GL,van Brechtstraat,Breda
8,4835GM,Bavelselaan,Breda
8,4835GT,Jacqueline de Grezlaan,Breda
8,4835GX,Laurenspark,Breda
8,4835JC,Ginnekenmarkt,Breda
8,4835JE,Duivelsbruglaan,Breda
8,4835JP,Burgemeester Beenshof,Breda
8,4835KA,Werfstraat,Breda
8,4835KB,Teijchinélaan,Breda
8,4835KD,Cartier van Disselstraat,Breda
8,4835KG,Burgemeester Passtoorsstraat,Breda
8,4835KJ,Koningin Emmalaan,Breda
8,4835KL,Regentesselaan,Breda
8,4835KM,van der Borchlaan,Breda
8,4835KN,Regentesseplein,Breda
8,4835LA,Anna Paulownalaan,Breda
8,4835LB,Willem III laan,Breda
8,4835LC,Prins Alexanderlaan,Breda
8,4835LE,Prins Frederiklaan,Breda
8,4835LH,Burgemeester Serrarislaan,Breda
8,4835MC,Ulvenhoutselaan,Breda
8,4835NN,Ginnekenhof,Breda
8,4835PA,Kalishoek,Breda
8,4835PH,Taxandrialaan,Breda
8,4835RB,Valkeniersplein,Breda
8,4835RE,Strijenlaan,Breda
8,4835RG,Henri t' Sasplein,Breda
8,4836BB,Overaseweg,Breda
8,4836BG,Heiakkerpad,Breda
8,4836BH,Marellenweg,Breda
8,4837AK,Willem van Oranjelaan,Breda
8,4837AV,Okeghemlaan,Breda
8,4837AW,Lassuslaan,Breda
8,4837BK,Schönbergstraat,Breda
8,4837BM,Burgemeester Kerstenslaan,Breda
8,4837BN,Burgemeester de Manlaan,Breda
8,4837CA,Sibeliuslaan,Breda
8,4837CB,Grieglaan,Breda
8,4837CD,Montenspark,Breda
8,4837CG,Montenslaan,Breda
8,4837CH,Beethovenlaan,Breda
8,4837CS,Haydnlaan,Breda
8,4837CV,Mendelssohnlaan,Breda
8,4837CX,Schrauwenhof,Breda
8,4837CZ,Burgemeester Guljélaan,Breda
8,4837EA,Händellaan,Breda
8,4837EK,Mozartlaan,Breda
8,4838BB,Effenseweg,Breda
8,4838BD,Hogendries,Breda
8,4838BJ,Oude Rijsbergsebaan,Breda
8,4838BN,Meester Van Meelstraat,Breda
8,4838GE,Buurtschap Vuchtschoot,Breda
8,4839AH,Drielindendreef,Breda
8,4841AG,Valdijk,Prinsenbeek
8,4841AM,Overbroek,Prinsenbeek
8,4841AN,Spoorstraat,Prinsenbeek
8,4841AR,Haverdijk,Prinsenbeek
8,4841AT,Vijverstraat,Prinsenbeek
8,4841AW,Plantsoen,Prinsenbeek
8,4841BD,Groenstraat,Prinsenbeek
8,4841BH,Omloop,Prinsenbeek
8,4841BL,Zuidlaan,Prinsenbeek
8,4841BM,Westrik,Prinsenbeek
8,4841BR,Westerkim,Prinsenbeek
8,4841BV,Blauwe Baan,Prinsenbeek
8,4841BW,Vlaggestraat,Prinsenbeek
8,4841BX,Witte Baan,Prinsenbeek
8,4841BZ,Rode Baan,Prinsenbeek
8,4841CD,Molenstraat,Prinsenbeek
8,4841CH,Brouwersbos,Prinsenbeek
8,4841CL,Begijnenakker,Prinsenbeek
8,4841CR,Heiakker,Prinsenbeek
8,4841CS,Vorsterstraat,Prinsenbeek
8,4841CV,Vroente,Prinsenbeek
8,4841DA,Berkenlaan,Prinsenbeek
8,4841DC,Dopheide,Prinsenbeek
8,4841DJ,Sterreschans,Prinsenbeek
8,4841DR,Buitenwal,Prinsenbeek
8,4841DW,Liniewal,Prinsenbeek
8,4841EB,Neelstraat,Prinsenbeek
8,4841EL,Velsgoed,Prinsenbeek
8,4841EP,Vogelbos,Prinsenbeek
8,4841ER,Bijster,Prinsenbeek
8,4841EV,Meers,Prinsenbeek
8,4841EW,Raak,Prinsenbeek
8,4841EZ,Dries,Prinsenbeek
8,4841GH,Kapelstraat,Prinsenbeek
8,4841GM,Peperbos,Prinsenbeek
8,4841GN,Parklaan,Prinsenbeek
8,4841GP,Wethouder van der Westenplein,Prinsenbeek
8,4841GR,Pasquelaan,Prinsenbeek
8,4841GT,Titulaerlaan,Prinsenbeek
8,4841GV,Akkerlaan,Prinsenbeek
8,4841HB,Merlijnshof,Prinsenbeek
8,4841HH,Pater Rommelaan,Prinsenbeek
8,4841JA,Vossenberg,Prinsenbeek
8,4841JC,De Gemetjes,Prinsenbeek
8,4841JD,De Bunders,Prinsenbeek
8,4841JE,Den Elst,Prinsenbeek
8,4841JG,Valveeken,Prinsenbeek
8,4841JJ,Hesseling,Prinsenbeek
8,4841JK,Rijtseweg,Prinsenbeek
8,4841JL,Liesbosdreef,Prinsenbeek
8,4841JM,Bessertpad,Prinsenbeek
8,4841JN,Tongerloodreef,Prinsenbeek
8,4841JS,Burgemeester Baetenspark,Prinsenbeek
8,4841JV,Ganzerik,Prinsenbeek
8,4841JW,Hazelaar,Prinsenbeek
8,4841JX,Eglantier,Prinsenbeek
8,4841JZ,Beukenhof,Prinsenbeek
8,4841KC,De Lind,Prinsenbeek
8,4841KD,Kettingdreef,Prinsenbeek
8,4841KG,Weimersedreef,Prinsenbeek
8,4841KH,Bosdaldreef,Prinsenbeek
8,4841KJ,Mastlanddreef,Prinsenbeek
8,4841KL,Postbaan,Prinsenbeek
8,4841KN,Dennenweg,Prinsenbeek
8,4841KS,Brielsedreef,Prinsenbeek
8,4841KX,Overveldsestraat,Prinsenbeek
8,4841KZ,Strijpenseweg,Prinsenbeek
8,4841LB,Korenpad,Prinsenbeek
8,4841LD,Zanddreef,Prinsenbeek
8,4841LH,Patrijspad,Prinsenbeek
8,4841LL,Krekelweg,Prinsenbeek
8,4841LM,Boterbloemstraat,Prinsenbeek
8,4841LN,Moleneind,Prinsenbeek
8,4841LS,Gouden Regen,Prinsenbeek
8,4841LT,Meidoorn,Prinsenbeek
8,4841MA,Prinsenboschlaan,Prinsenbeek
8,4841MB,Beekhof,Prinsenbeek
8,4841ML,Leliehof,Prinsenbeek
8,4841MT,Molen De Beerstraat,Prinsenbeek
8,4841NA,Heisprong,Prinsenbeek
8,4841NB,Wasbeemd,Prinsenbeek
8,4841ND,Straatweide,Prinsenbeek
8,4841NE,Kriekenveld,Prinsenbeek
8,4841NG,Bochtakker,Prinsenbeek
8,4841NH,Spieakker,Prinsenbeek
8,4841NK,Merlingsakker,Prinsenbeek
8,4841NL,Veenakker,Prinsenbeek
8,4841NN,Heiveld,Prinsenbeek
8,4841PA,Logtenburg,Prinsenbeek
8,4841RA,Hooimade,Prinsenbeek
8,4841RB,Wilgenhof,Prinsenbeek
8,4841RC,Peppelhof,Prinsenbeek
8,4841RE,Boonhof,Prinsenbeek
8,4841RH,Hoge Weide,Prinsenbeek
8,4841RL,Klaverveld,Prinsenbeek
8,4841RN,Schotenhof,Prinsenbeek
8,4841RR,Middenweg,Prinsenbeek
8,4841SC,Vliet,Prinsenbeek
8,4841SG,Bongerd,Prinsenbeek
8,4841SJ,Nijvelstraat,Prinsenbeek
8,4841SK,Baroniestraat,Prinsenbeek
8,4841SM,Hertenhoek,Prinsenbeek
8,4841ST,Brabantstraat,Prinsenbeek
8,4841SX,Geerakker,Prinsenbeek
8,4841SZ,Nassaustraat,Prinsenbeek
8,4841TB,Bosloop,Prinsenbeek
8,4841TZ,Spinnewiel,Prinsenbeek
8,4841VB,Vianendreef,Prinsenbeek
8,4841VD,Zilverhof,Prinsenbeek
8,4841VG,Banierstraat,Prinsenbeek
8,4841VJ,Vaandelstraat,Prinsenbeek
8,4841VM,Tournooiveld,Prinsenbeek
8,4841VP,Sinopelhof,Prinsenbeek
8,4841VS,Deken Maeslaan,Prinsenbeek
8,4841XB,Pastoor Oomenlaan,Prinsenbeek
8,4841XD,Schoolstraat,Prinsenbeek
8,4841XG,Kruispad,Prinsenbeek
8,4841XJ,Gertrudislaan,Prinsenbeek
8,4841XK,Julianalaan,Prinsenbeek
8,4841XM,Gertrudisoord,Prinsenbeek
8,4841XN,Frankenlaan,Prinsenbeek
8,4841XS,Kerkewei,Prinsenbeek
8,4841XV,Thornstraat,Prinsenbeek
8,4847AA,Hofpad,Teteringen
8,4847AE,Groenstraat,Teteringen
8,4847AH,Lindenhove,Teteringen
8,4847AJ,Hoeveneind,Teteringen
8,4847AN,Echbronk,Teteringen
8,4847AP,Wolfsakker,Teteringen
8,4847AS,Steenbergen,Teteringen
8,4847AT,Vossenberg,Teteringen
8,4847AW,Strijpenlaan,Teteringen
8,4847AZ,Bollaard,Teteringen
8,4847BB,Mortelweg,Teteringen
8,4847BD,Haenenveld,Teteringen
8,4847BE,Haenenburgh,Teteringen
8,4847BG,Hoge Stee,Teteringen
8,4847BH,Lage Stee,Teteringen
8,4847BL,Veldweg,Teteringen
8,4847BN,Lange Voren,Teteringen
8,4847BP,De Boeding,Teteringen
8,4847BS,Neerhof,Teteringen
8,4847BT,Bramentuin,Teteringen
8,4847CK,Bremhorst,Teteringen
8,4847CM,Kortendonk,Teteringen
8,4847CN,Hameie,Teteringen
8,4847CR,Wildhage,Teteringen
8,4847CT,Berkenlaar,Teteringen
8,4847CV,Weerdeel,Teteringen
8,4847CX,Heesterbos,Teteringen
8,4847DC,Hertenroep,Teteringen
8,4847DD,Missiehuisstraat,Teteringen
8,4847DG,Laan der Continenten,Teteringen
8,4847DZ,Dr. Hein Hoeben laan,Teteringen
8,4847EA,Korenbocht,Teteringen
8,4847EB,Heerdgang,Teteringen
8,4847ED,Montenshoeve,Teteringen
8,4847EG,Brechtenstede,Teteringen
8,4847EJ,Donkerstraat,Teteringen
8,4847EM,Langelaar,Teteringen
8,4847ES,Herikaard,Teteringen
8,4847EV,Kouterstraat,Teteringen
8,4847EW,Breeschot,Teteringen
8,4847EX,Hameldonk,Teteringen
8,4847HA,Espakker,Teteringen
8,4847HG,Bijenhof,Teteringen
8,4847HH,Branderij,Teteringen
8,4847HK,Aanstede,Teteringen
8,4847HM,Bosbeemd,Teteringen
8,4847HP,Gaarshof,Teteringen
8,4847HR,Schoolpad,Teteringen
8,4847HT,Herdershof,Teteringen
8,4847HV,Lammertiend,Teteringen
8,4847HW,Gildelaar,Teteringen
8,4847HX,Ganzendreef,Teteringen
8,4847HZ,Schutsboom,Teteringen
8,4847JA,Residentie Azurée,Teteringen
8,4847KN,Platte Akker,Teteringen
8,4847KS,Zuringveld,Teteringen
8,4847NC,Bergse Pad,Teteringen
8,4847NM,Tilburgse Baan,Teteringen
8,4847RA,Poststraat,Teteringen
8,4847RB,Nieuwstraat,Teteringen
8,4847RD,Gouwstraat,Teteringen
8,4847RE,Pieter van Ginnekenstraat,Teteringen
8,4847RH,Arnold van Leuvenstraat,Teteringen
8,4847RK,Willebrordstraat,Teteringen
8,4847RN,Kerkstraat,Teteringen
8,4847RP,Varendonk,Teteringen
8,4847RR,Zandgouw,Teteringen
8,4847RT,Polderzicht,Teteringen
8,4847SB,Kampakker,Teteringen
8,4847SE,St. Josephstraat,Teteringen
8,4847SJ,Laanzichtweg,Teteringen
8,4847SL,Lage Heijning,Teteringen
8,4847SR,Immenhof,Teteringen
8,4847SW,Boekentveld,Teteringen
8,4847TE,Galgestraat,Teteringen
8,4847TH,Valkenstraat,Teteringen
8,4847TJ,Posthoorn,Teteringen
8,4851AB,Grimhuijsenstraat,Ulvenhout
8,4851AD,Julianalaan,Ulvenhout
8,4851AG,Bladerstraat,Ulvenhout
8,4851AH,Rooiakker,Ulvenhout
8,4851AK,Akkerstraat,Ulvenhout
8,4851AL,Poststraat,Ulvenhout
8,4851AM,Jachtlaan,Ulvenhout
8,4851AV,Van Schermbeeklaan,Ulvenhout
8,4851AX,Wolvenhoek,Ulvenhout
8,4851AZ,Sparrenlaan,Ulvenhout
8,4851BA,Bosrand,Ulvenhout
8,4851BD,Weversdries,Ulvenhout
8,4851BE,de Toom,Ulvenhout
8,4851BG,Sterstraat,Ulvenhout
8,4851BH,Torendreef,Ulvenhout
8,4851BJ,Elzendreef,Ulvenhout
8,4851BK,Pyramidedreef,Ulvenhout
8,4851BM,Essendreef,Ulvenhout
8,4851BN,Nieuwe Dreef,Ulvenhout
8,4851BP,Vossendreef,Ulvenhout
8,4851BS,Berkendreef,Ulvenhout
8,4851BV,Iependreef,Ulvenhout
8,4851CC,Anneville-laan,Ulvenhout
8,4851CL,Withof,Ulvenhout
8,4851CM,Dorpstraat,Ulvenhout
8,4851CS,Pastoor Vermuntstraat,Ulvenhout
8,4851CV,Pastoor Lemmensstraat,Ulvenhout
8,4851CZ,Mgr. Van Hooijdonkstraat,Ulvenhout
8,4851ED,Slotlaan,Ulvenhout
8,4851EH,Markdal,Ulvenhout
8,4851EL,Laurentiusstraat,Ulvenhout
8,4851EN,Deken Fickstraat,Ulvenhout
8,4851ER,Vinkenbos,Ulvenhout
8,4851ES,Vogelsanck,Ulvenhout
8,4851ET,Laathof,Ulvenhout
8,4851EV,den Deel,Ulvenhout
8,4851EW,Eikakker,Ulvenhout
8,4851EX,Korenmaat,Ulvenhout
8,4851PC,Koekelberg,Ulvenhout
8,4851SB,Boonakker,Ulvenhout
8,4851SC,de Gouw,Ulvenhout
8,4851SH,Molenstraat,Ulvenhout
8,4851SL,Strijbeekseweg,Ulvenhout
8,4851SM,Chaamseweg,Ulvenhout
8,4851SV,Vlasaard,Ulvenhout
8,4851SW,Beekdal,Ulvenhout
8,4851SX,F. Kellyweg,Ulvenhout
8,4851TC,'t Hofflandt,Ulvenhout
8,4851TE,De Roskam,Ulvenhout
8,4851TH,Gareelstraat,Ulvenhout
8,4851TK,Craenlaer,Ulvenhout
8,4851TL,Haamstraat,Ulvenhout
8,4851VA,Hoge Akker,Ulvenhout
8,4851VD,Pennendijk,Ulvenhout
8,4851VE,Steedreef,Ulvenhout
8,4851VG,Heistuk,Ulvenhout
8,4851VK,Nieuwe Beekhoek,Ulvenhout
8,4851VM,Vang,Ulvenhout
8,4851VR,Wiek,Ulvenhout
8,4851WC,Riekeschot,Ulvenhout
8,4851WD,Steenland,Ulvenhout
8,4851WG,Beekakker,Ulvenhout
8,4851WJ,Koolhof,Ulvenhout
8,4851WK,Smidsheining,Ulvenhout
8,4854AB,Deken Dr. Dirckxweg,Bavel
8,4854AD,Lage Zijde,Bavel
8,4854AH,Hoge Zijde,Bavel
8,4854AP,Wildbraak,Bavel
8,4854AR,Vennekes,Bavel
8,4854AW,Schoutenlaan,Bavel
8,4854AZ,Hof,Bavel
8,4854BC,Jan Oomenstraat,Bavel
8,4854BG,Geestland,Bavel
8,4854BJ,Nieuwland,Bavel
8,4854BK,Dielishoek,Bavel
8,4854BL,Huisakker,Bavel
8,4854BM,Molenakker,Bavel
8,4854BP,Kerkeind,Bavel
8,4854BT,Schoolstraat,Bavel
8,4854CA,Seminarieweg,Bavel
8,4854CB,Jack van Gilsplein,Bavel
8,4854CE,Kerkstraat,Bavel
8,4854CJ,Lange Vore,Bavel
8,4854CK,Korte Vore,Bavel
8,4854CP,Pastoor Doensstraat,Bavel
8,4854CT,Brigidastraat,Bavel
8,4854CW,Brigidahof,Bavel
8,4854EB,Hertenlaar,Bavel
8,4854EC,Patrijzenlaar,Bavel
8,4854EH,Thoornseweg,Bavel
8,4854EJ,Jacoba van Heinsbergstraat,Bavel
8,4854EL,Gravin van Stauffenstraat,Bavel
8,4854EM,Margareta van Brederodestraat,Bavel
8,4854EN,Guda van Rennenbergstraat,Bavel
8,4854ER,Steenhof,Bavel
8,4854ES,Gravin van der Marckstraat,Bavel
8,4854ET,Gravin van Leeuwensteinstraat,Bavel
8,4854EV,Gravin van Sulzbachstraat,Bavel
8,4854EX,Prinses van Polenstraat,Bavel
8,4854GC,Koningsvaren,Bavel
8,4854GD,Kamvaren,Bavel
8,4854GE,Stippelvaren,Bavel
8,4854GG,Tongvaren,Bavel
8,4854GJ,Bijenlaar,Bavel
8,4854GK,Duivenlaar,Bavel
8,4854GL,Vossenlaar,Bavel
8,4854GM,Reeënlaar,Bavel
8,4854GN,Egeltjeslaar,Bavel
8,4854GP,Bosmuizenlaar,Bavel
8,4854GR,Valkenlaar,Bavel
8,4854GS,Dassenlaar,Bavel
8,4854KC,Baayewei,Bavel
8,4854KD,Binnenwei,Bavel
8,4854KG,Abdij van Thornstraat,Bavel
8,4854KH,Margarethastraat,Bavel
8,4854KK,Benedictastraat,Bavel
8,4854KM,Hilsondisstraat,Bavel
8,4854KN,Pater Verschurenstraat,Bavel
8,4854KP,Pastoor Leijtenstraat,Bavel
8,4854KR,Kanunnikstraat,Bavel
8,4854KS,Kouter,Bavel
8,4854KV,Lavendelhof,Bavel
8,4854KW,Klaverveld,Bavel
8,4854KZ,Brembos,Bavel
8,4854LB,Hoogdonk,Bavel
8,4854LG,Wolfsdonk,Bavel
8,4854LH,Gageldonk,Bavel
8,4854LM,Veldstraat,Bavel
8,4854LW,Tweeschaar,Bavel
8,4854LX,Boom,Bavel
8,4854MA,Lange Bunder,Bavel
8,4854MC,Distelveld,Bavel
8,4854ME,Haardries,Bavel
8,4854MG,Haarbeemd,Bavel
8,4854MH,Wikkeveld,Bavel
8,4854MK,Ambachtsweg,Bavel
8,4854ML,Heining,Bavel
8,4854MP,Bijgaard,Bavel
8,4854MT,Nijverheidsweg,Bavel
8,4854MV,'t Haantje,Bavel
8,4854MX,Korte Bunder,Bavel
8,4854MZ,Dijkbeemd,Bavel
8,4854NB,Dorstseweg,Bavel
8,4854NC,Wouwerbeekseweg,Bavel
8,4854NE,Tervoortseweg,Bavel
8,4854NG,Bolbergseweg,Bavel
8,4854NH,Eikbergseweg,Bavel
8,4854NK,Lijndonkseweg,Bavel
8,4854NM,Lage Aard,Bavel
8,4854NV,Tolakker,Bavel
8,4854PD,Koolpad,Bavel
8,4854PM,Roosbergseweg,Bavel
8,4854PS,Bavelse Leij,Bavel
8,4854PT,Hoge Daalakker,Bavel
8,4854RB,Lage Daalakker,Bavel
8,4854RK,Spiebos,Bavel
8,4854RM,Driehoek,Bavel
8,4854RN,Akkerveld,Bavel
8,4854RP,Kalverwei,Bavel
8,4854RS,Boerenerf,Bavel
8,4854RV,Grote Dries,Bavel
8,4854RX,Witpoel,Bavel
8,4854SC,Beemd,Bavel
8,4854SG,Gilzeweg,Bavel
8,4854SH,Middeltiend,Bavel
8,4854SJ,Dippert,Bavel
8,4854SL,Mariastraat,Bavel
8,4811HE,Vierwindenstraat,Breda
8,4811MD,Potkanstraat,Breda
8,4811RG,Generaal van der Plaatstraat,Breda
8,4826LS,Maaseikstraat,Breda
8,4834HD,Groot Ypelaardreef,Breda
8,4835JB,Raadhuisstraat,Breda
8,4847TC,Oosterhoutseweg,Teteringen
8,4825AV,Hazepad,Breda
9,4811AA,Academiesingel,Breda
9,4811AE,Emmastraat,Breda
9,4811AN,Delpratsingel,Breda
9,4811AR,Meerten Verhoffstraat,Breda
9,4811AV,Menno van Coehoornstraat,Breda
9,4811AW,Terheijdenstraat,Breda
9,4811BB,Stationsplein,Breda
9,4811BC,Spoorstraat,Breda
9,4811BJ,Omegaplein,Breda
9,4811BK,Heilige Elisabethstraat,Breda
9,4811CE,Ceresplein,Breda
9,4811CH,Teteringenstraat,Breda
9,4811CK,Driehoefijzersstraat,Breda
9,4811CN,Seeligsingel,Breda
9,4811CP,Mauritssingel,Breda
9,4811CS,Nieuwe Boschstraat,Breda
9,4811DA,Nassaustraat,Breda
9,4811DH,Chasséveld,Breda
9,4811DL,Rijngraafstraat,Breda
9,4811DM,Brouwmeesterstraat,Breda
9,4811DN,Smits van Waesberghestraat,Breda
9,4811DR,Het Bolwerk,Breda
9,4811DX,Coulissen,Breda
9,4811EG,Sophiastraat,Breda
9,4811EN,Mauritsstraat,Breda
9,4811EV,Bouwerijstraat,Breda
9,4811GM,Pasbaan,Breda
9,4811GS,Molenstraat,Breda
9,4811GX,Vlaszak,Breda
9,4811GZ,Beyerd,Breda
9,4811HB,Chassésingel,Breda
9,4811HE,Vierwindenstraat,Breda
9,4811HL,Keizerstraat,Breda
9,4811HR,Oude Vest,Breda
9,4811HV,Halstraat,Breda
9,4811JA,Ridderstraat,Breda
9,4811JC,Houtmarkt,Breda
9,4811JD,Ginnekenstraat,Breda
9,4811JL,Akkerstraat,Breda
9,4811JM,Doelsteeg,Breda
9,4811KK,Eindstraat,Breda
9,4811KM,Jan van Polanenkade,Breda
9,4811KN,Oede van Hoornestraat,Breda
9,4811KR,Ernst Casimirstraat,Breda
9,4811KT,Reinierstraat,Breda
9,4811LD,Stadhouderstraat,Breda
9,4811LJ,Ruwaardstraat,Breda
9,4811LL,Pelmolenstraat,Breda
9,4811LN,Snellenshof,Breda
9,4811LS,Achterom,Breda
9,4811LW,Nieuweweg,Breda
9,4811MJ,Gasthuisstraat,Breda
9,4811NA,Concordiastraat,Breda
9,4811NJ,Dr. van Mierlostraat,Breda
9,4811NM,Nieuwe Ginnekenstraat,Breda
9,4811NT,Passage Zuidpoort,Breda
9,4811NV,Marksingel,Breda
9,4811NZ,Concordiaplein,Breda
9,4811PA,Eerste Markstraat,Breda
9,4811PB,Tweede Markstraat,Breda
9,4811PD,Godevaert Montensstraat,Breda
9,4811PT,Constantijnstraat,Breda
9,4811PV,Clausstraat,Breda
9,4811PW,Florisstraat,Breda
9,4811PX,Margrietstraat,Breda
9,4811PZ,Willem-Alexanderstraat,Breda
9,4811RA,Generaal van Hamsingel,Breda
9,4811RB,Vredenburchstraat,Breda
9,4811RE,Generaal van der Plaatstraat,Breda
9,4811RH,Dr. van Campenstraat,Breda
9,4811RL,Zaanmarkstraat,Breda
9,4811RN,Weerijsstraat,Breda
9,4811RR,Balfortstraat,Breda
9,4811RX,Spuistraat,Breda
9,4811RZ,Zijlstraat,Breda
9,4811SB,Irenestraat,Breda
9,4811SE,Beatrixstraat,Breda
9,4811SH,Vredenburchsingel,Breda
9,4811SK,Bernhardsingel,Breda
9,4811SN,Adriaan van Bergenstraat,Breda
9,4811TA,Sluissingel,Breda
9,4811TB,Nieuwe Haagdijk,Breda
9,4811TG,Fellenoordstraat,Breda
9,4811TK,Nieuwe Huizen,Breda
9,4811TN,Haagdijk,Breda
9,4811TZ,Provooststraat,Breda
9,4811VB,Prinsenkade,Breda
9,4811VC,Nieuwe Prinsenkade,Breda
9,4811VG,Nieuwe Dieststraat,Breda
9,4811VL,Middellaan,Breda
9,4811VN,Schorsmolenstraat,Breda
9,4811WC,t' Sas,Breda
27,4811XV,Torenstraat,Breda
9,4811WD,Vismarktstraat,Breda
9,4811WH,Visserstraat,Breda
9,4811WK,Haven,Breda
9,4811WP,Lange Brugstraat,Breda
9,4811WT,Karrestraat,Breda
9,4811WX,Nieuwstraat,Breda
9,4811WZ,Waterstraat,Breda
9,4811XA,Reigerstraat,Breda
9,4811XC,Kasteelplein,Breda
9,4811XD,Catharinastraat,Breda
9,4811XG,Kapucijnenhof,Breda
9,4811XK,St. Annastraat,Breda
9,4811XL,Grote Markt,Breda
9,4811XV,Torenstraat,Breda
9,4811XW,Kaatsbaan,Breda
9,4811XZ,De Barones,Breda
9,4811ZA,Korte Brugstraat,Breda
9,4811ZB,Veemarktstraat,Breda
9,4811ZK,St. Janstraat,Breda
9,4811ZN,Hof van Hersbeek,Breda
9,4812AD,Vermeerstraat,Breda
9,4812AE,Jeroen Boschstraat,Breda
9,4812AG,Pieter Brueghelstraat,Breda
9,4812AJ,Oranjeboomplein,Breda
9,4812AK,Rubensstraat,Breda
9,4812AM,Verlaatstraat,Breda
9,4812AN,Vincent van Goghstraat,Breda
9,4812BM,Montessoristraat,Breda
9,4812CA,Curaçaostraat,Breda
9,4812CB,Bonairestraat,Breda
9,4812CE,Arubastraat,Breda
9,4812CH,Nansenweg,Breda
9,4812CJ,Spitsbergenstraat,Breda
9,4812CL,Nova Zemblastraat,Breda
9,4812EP,Roggeveenstraat,Breda
9,4812EV,Pastoor Dekkersstraat,Breda
9,4812GA,Maarten de Vriesstraat,Breda
9,4812GE,Dirk Hartogstraat,Breda
9,4812GK,Tasmanstraat,Breda
9,4812GN,Heuvelbrink,Breda
9,4812HA,Hudsonstraat,Breda
9,4812HE,Le Mairestraat,Breda
9,4812JC,Mgr. Nolensplein,Breda
9,4812JG,Colijnstraat,Breda
9,4812JJ,Troelstrastraat,Breda
9,4812JR,Donatello,Breda
9,4812JS,Pigalle,Breda
9,4812JV,Volterra,Breda
9,4812KG,de Savornin Lohmanstraat,Breda
9,4812KJ,Burgerzinstraat,Breda
9,4812KK,Dr. Kuyperstraat,Breda
9,4812KM,Groen van Prinstererstraat,Breda
9,4812KP,Fagelstraat,Breda
9,4812KW,Van Oldenbarneveltstraat,Breda
9,4812KX,Heinsiusstraat,Breda
9,4812KZ,Burgerhof,Breda
9,4812LA,van Slingelandtstraat,Breda
9,4812LC,Flierstraat,Breda
9,4812LE,van de Spiegelstraat,Breda
9,4812LL,Schimmelpenninckstraat,Breda
9,4812LN,van Bleiswijkstraat,Breda
9,4812LP,Thorbeckeplein,Breda
9,4812LT,William Boothstraat,Breda
9,4812LW,Melkfabriekstraat,Breda
9,4812NA,van der Duyn van Maasdamstraat,Breda
9,4812NC,van Limburg Stirumstraat,Breda
9,4812NE,Mr. Stormstraat,Breda
9,4812PC,Rochussenstraat,Breda
9,4812PG,Heuvelstraat,Breda
9,4812PK,Dr. Ariënsplein,Breda
9,4812PM,Scharenburgstraat,Breda
9,4812PV,Fröbelstraat,Breda
9,4812PX,Verschuurstraat,Breda
9,4812RA,Olivier van Noortstraat,Breda
9,4812RG,Houtmanstraat,Breda
9,4812RL,Willem Barendszstraat,Breda
9,4812RR,Columbusstraat,Breda
9,4812SB,Planciusplein,Breda
9,4812TA,Dr. Struyckenplein,Breda
9,4812TB,Rijpstraat,Breda
9,4812TD,Mgr. Zwijsenstraat,Breda
9,4812TG,Jan Ligthartstraat,Breda
9,4812TP,Don Boscoplein,Breda
9,4812VA,Oosterstraat,Breda
9,4812VJ,Scheldestraat,Breda
9,4812VP,Dintelstraat,Breda
9,4812VR,IJsselplein,Breda
9,4812VT,Merwedestraat,Breda
9,4812VW,Spaarnestraat,Breda
9,4812VX,Roerstraat,Breda
9,4812VZ,Dongestraat,Breda
9,4812XP,Chabotstraat,Breda
9,4813AD,Adriaan Klaassenstraat,Breda
9,4813AJ,Fort,Breda
9,4813AK,Putmansveld,Breda
9,4813AN,Posthoornstraat,Breda
9,4813AR,Nieuwe Heilaarstraat,Breda
9,4813AX,Heilaarstraat,Breda
9,4813BC,Liesbosstraat,Breda
9,4813BG,Doelenstraat,Breda
9,4813BK,Holtken,Breda
9,4813BM,Wendel,Breda
9,4813BR,Pastoor van Spaandonkstraat,Breda
9,4813CA,Schuurkerkstraat,Breda
9,4813CD,Hagehof,Breda
9,4813CH,Pastoor Boumanstraat,Breda
9,4813CN,Koperslagerstraat,Breda
9,4813CT,Dominee Coolsmastraat,Breda
9,4813CZ,Princentuin,Breda
9,4813DA,Princenhagelaan,Breda
9,4813EA,Liesboslaan,Breda
9,4813ED,Dreef,Breda
9,4813EJ,Esserstraat,Breda
9,4813EV,Postillonstraat,Breda
9,4813EX,Joshof,Breda
9,4813GD,St. Maartenstraat,Breda
9,4813GG,Laan van Mertersem,Breda
9,4813GK,Hovenierstraat,Breda
9,4813GP,Doelen,Breda
9,4813GW,Rithsestraat,Breda
9,4813HA,Ambachtenlaan,Breda
9,4813HS,Bijloopstraat,Breda
9,4813KA,Nestelmakerstraat,Breda
9,4813KD,Zeilmakerpad,Breda
9,4813KG,Mandenmakerstraat,Breda
9,4813KJ,Boendermakerpad,Breda
9,4813KK,Touwslagerstraat,Breda
9,4813KL,Leerlooierstraat,Breda
9,4813KN,Zadelmakerstraat,Breda
9,4813KV,Plateelbakkerstraat,Breda
9,4813KW,Steenhouwerstraat,Breda
9,4813KX,Witwerkerstraat,Breda
9,4813LD,Leidekkerstraat,Breda
9,4813LH,Azijnmakerstraat,Breda
9,4813LM,Bontwerkerstraat,Breda
9,4813LN,Kaardenstekerstraat,Breda
9,4813LS,Laarzenmakerstraat,Breda
9,4813LV,Schrijnwerkerstraat,Breda
9,4813LX,Klompenmakerstraat,Breda
9,4813NA,Isenburgstraat,Breda
9,4813ND,Broekakker,Breda
9,4813NG,Vogelschoot,Breda
9,4813NN,Aard,Breda
9,4813NR,Biehoeve,Breda
9,4813NS,Kesselloop,Breda
9,4813NW,Minnemansakker,Breda
9,4813PA,Vloed,Breda
9,4813PH,Balk,Breda
9,4813PJ,Strijpe,Breda
9,4813PK,Kampakker,Breda
9,4813PT,Burgemeester Van Gilsstraat,Breda
9,4813PW,Burgemeester Luysterburghstraat,Breda
9,4813XH,Tuinzigtlaan,Breda
9,4813XL,Hofhage,Breda
9,4813XM,Mgr. Horsthuisstraat,Breda
9,4814AB,Tramsingel,Breda
9,4814AN,Hoornwerkstraat,Breda
9,4814AT,Sparrenweg,Breda
9,4814AV,Dijkplein,Breda
9,4814AZ,Slingerweg,Breda
9,4814BC,Hazelaarstraat,Breda
9,4814BG,Lindestraat,Breda
9,4814BH,Lindeplein,Breda
9,4814BJ,Beekstraat,Breda
9,4814BN,Rietmakerstraat,Breda
9,4814BS,Frans Heijlaertsplein,Breda
9,4814BT,van Hegelsomstraat,Breda
9,4814BV,van Meterenstraat,Breda
9,4814CA,Dijklaan,Breda
9,4814CG,Dijkstraat,Breda
9,4814CJ,Kolfbaanstraat,Breda
9,4814CN,Magnoliastraat,Breda
9,4814CT,Roelandshof,Breda
9,4814EC,Vestingstraat,Breda
9,4814EE,Oranjeboomstraat,Breda
9,4814EJ,Havermansstraat,Breda
9,4814EK,van Vlietstraat,Breda
9,4814EM,Nuijtsstraat,Breda
9,4814EP,Weerijssingel,Breda
9,4814EV,Schans,Breda
9,4814HA,Abeelstraat,Breda
9,4814HL,Eikstraat,Breda
9,4814HN,Populierstraat,Breda
9,4814HR,Beukstraat,Breda
9,4814HT,Lariksstraat,Breda
9,4814HV,Oleanderstraat,Breda
9,4814HW,Kamperfoeliestraat,Breda
9,4814HX,Lavendelstraat,Breda
9,4814JK,Duindoornstraat,Breda
9,4814JX,Clematisstraat,Breda
9,4814KA,Meidoornstraat,Breda
9,4814KJ,Jasmijnstraat,Breda
9,4814KM,Laurierstraat,Breda
9,4814LA,Plataanstraat,Breda
9,4814LG,Ahornstraat,Breda
9,4814LL,Olmstraat,Breda
9,4814LS,Iepstraat,Breda
9,4814LV,Wilgstraat,Breda
9,4814NG,Scarletstraat,Breda
9,4814NJ,Heilaarpark,Breda
9,4814NL,Warmoezenierstraat,Breda
9,4814PJ,Egelantierstraat,Breda
9,4814PN,Cypresstraat,Breda
9,4814RS,Neerloopweg,Breda
9,4814SB,Zandoogjes,Breda
9,4814SC,Steppevlinder,Breda
9,4814SE,Rotsvlinder,Breda
9,4814SG,Argusvlinder,Breda
9,4814SH,Koevinkje,Breda
9,4814SJ,Heremiet,Breda
9,4814SL,Heivlinder,Breda
9,4814SM,Dambordje,Breda
9,4814SN,Boszandoog,Breda
9,4814ST,Blauwoogvlinder,Breda
9,4814TA,Morgenrood,Breda
9,4814TB,Sleedoornpage,Breda
9,4814TE,Icarusblauwtje,Breda
9,4814TG,Heideblauwtje,Breda
9,4814TH,Groentje,Breda
9,4814TJ,Gentiaanblauwtje,Breda
9,4814TK,Boomblauwtje,Breda
9,4814TM,Eikepage,Breda
9,4814TN,Vuurvlinder,Breda
9,4814TR,Blauwtjes,Breda
9,4814TS,Bloemenblauwtje,Breda
9,4814VA,Weerschijnvlinder,Breda
9,4814VB,Zilvervlek,Breda
9,4814VD,Kleine Vos,Breda
9,4814VG,Dagpauwoog,Breda
9,4814VH,Landkaartje,Breda
9,4814VJ,Distelvlinder,Breda
9,4814VK,Grote Vos,Breda
9,4814VL,Keizersmantel,Breda
9,4814VM,Aurelia,Breda
9,4815AD,Crogtdijk,Breda
9,4815AG,Polderstraat,Breda
9,4815AK,Putterstraat,Breda
9,4815AL,Eksterstraat,Breda
9,4815AN,Koekoekstraat,Breda
9,4815AP,Patrijsstraat,Breda
9,4815AR,Veestraat,Breda
9,4815AS,Spechtstraat,Breda
9,4815AT,Vinkstraat,Breda
9,4815AX,Groenlingstraat,Breda
9,4815BA,Pastoor Pottersplein,Breda
9,4815BD,Terheijdenseweg,Breda
9,4815CK,Speelhuisplein,Breda
9,4815CL,Lachappellestraat,Breda
9,4815CM,Oude Terheijdenseweg,Breda
9,4815CR,Leeuwerikstraat,Breda
9,4815EA,Nachtegaalstraat,Breda
9,4815EC,Kanariestraat,Breda
9,4815EE,Merelstraat,Breda
9,4815GA,Kievitstraat,Breda
9,4815GD,Fazantstraat,Breda
9,4815GG,Kwartelstraat,Breda
9,4815GJ,Kalkoenstraat,Breda
9,4815GM,van Voorst tot Voorststraat,Breda
9,4815GR,Ooievaarstraat,Breda
9,4815GT,Zwaluwstraat,Breda
9,4815HA,Belcrumweg,Breda
9,4815HC,Veilingkade,Breda
9,4815HE,Minister Kanstraat,Breda
9,4815HR,Spinveld,Breda
9,4815NC,Stadionstraat,Breda
9,4815PD,Gageldonkseweg,Breda
9,4815PG,Groot Hoogsteen,Breda
9,4815PH,Laagsteen,Breda
9,4815PJ,Klein Hoogsteen,Breda
9,4815PL,Brugsteen,Breda
9,4815PN,Huifakkerstraat,Breda
9,4815PP,Grenssteen,Breda
9,4815PR,Hoeksteen,Breda
9,4816AD,Minckelersstraat,Breda
9,4816AR,Edisonplein,Breda
9,4816AM,Edisonplein,Breda
9,4816BA,Archimedesstraat,Breda
9,4816BJ,Christiaan Huygensstraat,Breda
9,4816CC,Ampèreweg,Breda
9,4816CD,Wattstraat,Breda
9,4816CE,Voltaweg,Breda
9,4816CG,Morsestraat,Breda
9,4816CJ,Galvaniweg,Breda
9,4816CK,Galileïstraat,Breda
9,4816CL,Buys Ballotstraat,Breda
9,4816CN,Swammerdamstraat,Breda
9,4816CR,Jan van der Heijdenstraat,Breda
9,4816CV,van Musschenbroekstraat,Breda
9,4816CW,Stevinstraat,Breda
9,4816CX,Drebbelstraat,Breda
9,4816GK,Kleine Doornbos,Breda
9,4816GM,Grote Doornbos,Breda
9,4816GR,Bijltje,Breda
9,4816HB,Beemd,Breda
9,4816HC,Mollenberg,Breda
9,4816JB,Smalle Reep,Breda
9,4816JC,Koele Mei,Breda
9,4816JE,Grensvaart,Breda
9,4816JH,Vaartbossen,Breda
9,4816JK,Abdijstraat,Breda
9,4816JM,Kijsveld,Breda
9,4816JP,Manhuisveld,Breda
9,4816JR,Proveniersveld,Breda
9,4816JZ,Korenveld,Breda
9,4816KA,Frankenthalerstraat,Breda
9,4817AH,Schoklandstraat,Breda
9,4817AM,Schiermonnikoogstraat,Breda
9,4817AN,Wieringenstraat,Breda
9,4817BL,Takkebijsters,Breda
9,4817BM,Moleneindstraat,Breda
9,4817BV,Giraffestraat,Breda
9,4817BW,Geertshof,Breda
9,4817BX,Papenhof,Breda
9,4817CZ,Pels Rijckenpark,Breda
9,4817DA,Achtervang,Breda
9,4817DB,Uitvang,Breda
9,4817DC,Bijvang,Breda
9,4817DE,Voorvang,Breda
9,4817DN,Elandstraat,Breda
9,4817EA,Hooghout,Breda
9,4817EG,Hoogeind,Breda
9,4817EN,Leeuwenhof,Breda
9,4817EP,Tijgerhof,Breda
9,4817ER,Eekhoornstraat,Breda
9,4817ET,Naundorffstraat,Breda
9,4817GB,Karbouwstraat,Breda
9,4817GC,Wolvenring,Breda
9,4817GR,Otterring,Breda
9,4817GV,Marterring,Breda
9,4817GZ,Molenslag,Breda
9,4817HG,Agaatstraat,Breda
9,4817HM,Koraalstraat,Breda
9,4817HR,Barnsteenstraat,Breda
9,4817HT,Diamantstraat,Breda
9,4817HZ,Bijster,Breda
9,4817JD,Robijnstraat,Breda
9,4817JH,Jadestraat,Breda
